<ImportExportXml xmlns:xsi="http://www.w3.org/2001/XMLSchema-instance" OrganizationVersion="9.2.25071.216" OrganizationSchemaType="Standard" CRMServerServiceabilityVersion="9.2.25071.00216">
  <Entities></Entities>
  <Roles></Roles>
  <Workflows>
    <Workflow WorkflowId="{c9b1510c-cc73-f011-b4cb-6045bddadeee}" Name="Save meetings from onedrive to sharepoint">
      <JsonFileName>/Workflows/Savemeetingsfromonedrivetosharepoint-C9B1510C-CC73-F011-B4CB-6045BDDADEEE.json</JsonFileName>
      <Type>1</Type>
      <Subprocess>0</Subprocess>
      <Category>5</Category>
      <Mode>0</Mode>
      <Scope>4</Scope>
      <OnDemand>0</OnDemand>
      <TriggerOnCreate>0</TriggerOnCreate>
      <TriggerOnDelete>0</TriggerOnDelete>
      <AsyncAutodelete>0</AsyncAutodelete>
      <SyncWorkflowLogOnFailure>0</SyncWorkflowLogOnFailure>
      <StateCode>1</StateCode>
      <StatusCode>2</StatusCode>
      <RunAs>1</RunAs>
      <IsTransacted>1</IsTransacted>
      <IntroducedVersion>1.0.0.0</IntroducedVersion>
      <IsCustomizable>1</IsCustomizable>
      <BusinessProcessType>0</BusinessProcessType>
      <IsCustomProcessingStepAllowedForOtherPublishers>1</IsCustomProcessingStepAllowedForOtherPublishers>
      <ModernFlowType>0</ModernFlowType>
      <PrimaryEntity>none</PrimaryEntity>
      <LocalizedNames>
        <LocalizedName languagecode="1033" description="Save meetings from onedrive to sharepoint" />
      </LocalizedNames>
    </Workflow>
    <Workflow WorkflowId="{6b11202b-7376-f011-b4cb-6045bddadeee}" Name="Add File to Sharepoint">
      <JsonFileName>/Workflows/AddFiletoSharepoint-6B11202B-7376-F011-B4CB-6045BDDADEEE.json</JsonFileName>
      <Type>1</Type>
      <Subprocess>0</Subprocess>
      <Category>5</Category>
      <Mode>0</Mode>
      <Scope>4</Scope>
      <OnDemand>0</OnDemand>
      <TriggerOnCreate>0</TriggerOnCreate>
      <TriggerOnDelete>0</TriggerOnDelete>
      <AsyncAutodelete>0</AsyncAutodelete>
      <SyncWorkflowLogOnFailure>0</SyncWorkflowLogOnFailure>
      <StateCode>1</StateCode>
      <StatusCode>2</StatusCode>
      <RunAs>1</RunAs>
      <IsTransacted>1</IsTransacted>
      <IntroducedVersion>1.0.0.0</IntroducedVersion>
      <IsCustomizable>1</IsCustomizable>
      <BusinessProcessType>0</BusinessProcessType>
      <IsCustomProcessingStepAllowedForOtherPublishers>1</IsCustomProcessingStepAllowedForOtherPublishers>
      <ModernFlowType>0</ModernFlowType>
      <PrimaryEntity>none</PrimaryEntity>
      <LocalizedNames>
        <LocalizedName languagecode="1033" description="Add File to Sharepoint" />
      </LocalizedNames>
    </Workflow>
  </Workflows>
  <FieldSecurityProfiles></FieldSecurityProfiles>
  <Templates />
  <EntityMaps />
  <EntityRelationships />
  <OrganizationSettings />
  <optionsets />
  <CustomControls />
  <EntityDataProviders />
  <CanvasApps>
    <CanvasApp>
      <Name>bp_meetingsaverapp_4546e</Name>
      <AppVersion>2025-08-11T06:08:14Z</AppVersion>
      <Status>Ready</Status>
      <CreatedByClientVersion>3.25073.12.0</CreatedByClientVersion>
      <MinClientVersion>3.25073.12.0</MinClientVersion>
      <Tags>{"primaryDeviceWidth":"1366","primaryDeviceHeight":"768","supportsPortrait":"true","supportsLandscape":"true","primaryFormFactor":"Tablet","showStatusBar":"false","publisherVersion":"3.25073.12","minimumRequiredApiVersion":"2.2.0","hasComponent":"false","hasUnlockedComponent":"false","isUnifiedRootApp":"false"}</Tags>
      <IsCdsUpgraded>0</IsCdsUpgraded>
      <GalleryItemId xsi:nil="true"></GalleryItemId>
      <BackgroundColor>RGBA(0,176,240,1)</BackgroundColor>
      <DisplayName>Meeting Saver App</DisplayName>
      <Description xsi:nil="true"></Description>
      <CommitMessage xsi:nil="true"></CommitMessage>
      <Publisher xsi:nil="true"></Publisher>
      <AuthorizationReferences>[]</AuthorizationReferences>
      <ConnectionReferences>{"72cfea6f-9ef2-472d-a43e-83bb7a647b90":{"id":"/providers/microsoft.powerapps/apis/shared_logicflows","displayName":"Logic flows","iconUri":"https://conn-afd-prod-endpoint-bmc9bqahasf3grgk.b01.azurefd.net/v1.0.1766/1.0.1766.4330/logicflows/icon.png","dataSources":["SaveOnedriveRecordingtoSharepoint"],"dependencies":["40990ddd-6908-40dd-bbb8-8ba618cb3eaf","f789a932-0c2a-4a38-8d95-11d31d16d5f5"],"dependents":[],"parameterHints":{"workflowName":{"value":"0f75e522-d8e0-4b1a-b6ef-47f5b772134d"},"workflowEntityId":{"value":"6b11202b-7376-f011-b4cb-6045bddadeee"},"workflowDisplayName":{"value":"Add File to Sharepoint"},"40990ddd-6908-40dd-bbb8-8ba618cb3eaf":{"value":"shared_onedriveforbusiness"},"f789a932-0c2a-4a38-8d95-11d31d16d5f5":{"value":"shared_sharepointonline"}},"parameterHintsV2":{"workflowName":{"value":"0f75e522-d8e0-4b1a-b6ef-47f5b772134d"},"workflowEntityId":{"value":"6b11202b-7376-f011-b4cb-6045bddadeee"},"workflowDisplayName":{"value":"Add File to Sharepoint"},"shared_onedriveforbusiness":{"value":"40990ddd-6908-40dd-bbb8-8ba618cb3eaf"},"shared_sharepointonline":{"value":"f789a932-0c2a-4a38-8d95-11d31d16d5f5"}},"isOnPremiseConnection":false,"bypassConsent":false,"dataSets":{},"apiTier":"Standard","actions":["Run"]},"40990ddd-6908-40dd-bbb8-8ba618cb3eaf":{"id":"/providers/microsoft.powerapps/apis/shared_onedriveforbusiness","displayName":"OneDrive for Business","iconUri":"https://conn-afd-prod-endpoint-bmc9bqahasf3grgk.b01.azurefd.net/v1.0.1763/1.0.1763.4307/onedriveforbusiness/icon.png","dataSources":[],"dependencies":[],"dependents":["72cfea6f-9ef2-472d-a43e-83bb7a647b90","89e3b335-eb75-490b-9fd8-7aaf3935d073"],"parameterHints":{},"parameterHintsV2":{},"isOnPremiseConnection":false,"bypassConsent":false,"dataSets":{},"apiTier":"Standard"},"f789a932-0c2a-4a38-8d95-11d31d16d5f5":{"id":"/providers/microsoft.powerapps/apis/shared_sharepointonline","displayName":"SharePoint","iconUri":"https://conn-afd-prod-endpoint-bmc9bqahasf3grgk.b01.azurefd.net/v1.0.1754/1.0.1754.4231/sharepointonline/icon.png","dataSources":[],"dependencies":[],"dependents":["72cfea6f-9ef2-472d-a43e-83bb7a647b90"],"parameterHints":{},"parameterHintsV2":{},"isOnPremiseConnection":false,"bypassConsent":false,"dataSets":{},"apiTier":"Standard"},"89e3b335-eb75-490b-9fd8-7aaf3935d073":{"id":"/providers/microsoft.powerapps/apis/shared_logicflows","displayName":"Logic flows","iconUri":"https://conn-afd-prod-endpoint-bmc9bqahasf3grgk.b01.azurefd.net/v1.0.1766/1.0.1766.4330/logicflows/icon.png","dataSources":["Savemeetingsfromonedrivetosharepoint"],"dependencies":["40990ddd-6908-40dd-bbb8-8ba618cb3eaf"],"dependents":[],"parameterHints":{"workflowName":{"value":"34a258c2-0e8a-42e0-a641-7144745ee726"},"workflowEntityId":{"value":"c9b1510c-cc73-f011-b4cb-6045bddadeee"},"workflowDisplayName":{"value":"Save meetings from onedrive to sharepoint"},"40990ddd-6908-40dd-bbb8-8ba618cb3eaf":{"value":"shared_onedriveforbusiness"}},"parameterHintsV2":{"workflowName":{"value":"34a258c2-0e8a-42e0-a641-7144745ee726"},"workflowEntityId":{"value":"c9b1510c-cc73-f011-b4cb-6045bddadeee"},"workflowDisplayName":{"value":"Save meetings from onedrive to sharepoint"},"shared_onedriveforbusiness":{"value":"40990ddd-6908-40dd-bbb8-8ba618cb3eaf"}},"isOnPremiseConnection":false,"bypassConsent":false,"dataSets":{},"apiTier":"Standard","actions":["Run"]}}</ConnectionReferences>
      <DatabaseReferences>{}</DatabaseReferences>
      <AppComponents>[]</AppComponents>
      <AppComponentDependencies>[]</AppComponentDependencies>
      <CanConsumeAppPass>1</CanConsumeAppPass>
      <CanvasAppType>0</CanvasAppType>
      <BypassConsent>0</BypassConsent>
      <AdminControlBypassConsent>0</AdminControlBypassConsent>
      <EmbeddedApp xsi:nil="true"></EmbeddedApp>
      <IntroducedVersion>1.0</IntroducedVersion>
      <CdsDependencies>{"cdsdependencies":[{"dependencyid":"6b11202b-7376-f011-b4cb-6045bddadeee","componenttype":29,"componenttypeplatformname":"Workflow"},{"dependencyid":"c9b1510c-cc73-f011-b4cb-6045bddadeee","componenttype":29,"componenttypeplatformname":"Workflow"}]}</CdsDependencies>
      <IsCustomizable>1</IsCustomizable>
      <BackgroundImageUri>/CanvasApps/bp_meetingsaverapp_4546e_BackgroundImageUri</BackgroundImageUri>
      <DocumentUri>/CanvasApps/bp_meetingsaverapp_4546e_DocumentUri.msapp</DocumentUri>
      <AdditionalUris>
        <AdditionalUri>/CanvasApps/bp_meetingsaverapp_4546e_AdditionalUris0_identity.json</AdditionalUri>
      </AdditionalUris>
    </CanvasApp>
  </CanvasApps>
  <connectionreferences>
    <connectionreference connectionreferencelogicalname="bp_sharedonedriveforbusiness_323d1">
      <connectionreferencedisplayname>OneDrive for Business MeetingsSaverApp-323d1</connectionreferencedisplayname>
      <connectorid>/providers/Microsoft.PowerApps/apis/shared_onedriveforbusiness</connectorid>
      <iscustomizable>1</iscustomizable>
      <promptingbehavior>0</promptingbehavior>
      <statecode>0</statecode>
      <statuscode>1</statuscode>
    </connectionreference>
  </connectionreferences>
  <Languages>
    <Language>1033</Language>
  </Languages>
</ImportExportXml>