{
  "properties": {
    "connectionReferences": {
      "shared_onedriveforbusiness": {
        "runtimeSource": "invoker",
        "connection": {
          "connectionReferenceLogicalName": "bp_sharedonedriveforbusiness_323d1"
        },
        "api": {
          "name": "shared_onedriveforbusiness"
        }
      }
    },
    "definition": {
      "$schema": "https://schema.management.azure.com/providers/Microsoft.Logic/schemas/2016-06-01/workflowdefinition.json#",
      "contentVersion": "1.0.0.0",
      "parameters": {
        "$connections": {
          "defaultValue": {},
          "type": "Object"
        },
        "$authentication": {
          "defaultValue": {},
          "type": "SecureObject"
        }
      },
      "triggers": {
        "manual": {
          "metadata": {
            "operationMetadataId": "c957c16c-18cd-4c1a-948d-4638d4f1a9e2"
          },
          "type": "Request",
          "kind": "PowerAppV2",
          "inputs": {
            "schema": {
              "type": "object",
              "properties": {},
              "required": []
            }
          }
        }
      },
      "actions": {
        "List_files_in_folder": {
          "runAfter": {},
          "metadata": {
            "b!XymYItb6JUSysmg7-XK9AQR96-kxDkpGgUP-9XxLCdRL9nzU3ToRSKMhABwGc2jY.01C3NDHF4KTIJDGRTOVRG26NWDCNN2VRWS": "/Recordings",
            "operationMetadataId": "ccf81fa5-83fa-458a-8a22-f7b986abf0f4"
          },
          "type": "OpenApiConnection",
          "inputs": {
            "host": {
              "connectionName": "shared_onedriveforbusiness",
              "operationId": "ListFolderV2",
              "apiId": "/providers/Microsoft.PowerApps/apis/shared_onedriveforbusiness"
            },
            "parameters": {
              "id": "b!XymYItb6JUSysmg7-XK9AQR96-kxDkpGgUP-9XxLCdRL9nzU3ToRSKMhABwGc2jY.01C3NDHF4KTIJDGRTOVRG26NWDCNN2VRWS"
            },
            "authentication": "@parameters('$authentication')"
          }
        },
        "Respond_to_a_Power_App_or_flow": {
          "runAfter": {
            "Select": [
              "Succeeded"
            ]
          },
          "metadata": {
            "operationMetadataId": "4154fed1-a347-44b7-8c6f-e6fe58ee0b9a"
          },
          "type": "Response",
          "kind": "PowerApp",
          "inputs": {
            "statusCode": 200,
            "body": {
              "recordings": "@{string(body('Select'))}"
            },
            "schema": {
              "type": "object",
              "properties": {
                "recordings": {
                  "title": "recordings",
                  "x-ms-dynamically-added": true,
                  "type": "string"
                }
              }
            }
          }
        },
        "Select": {
          "runAfter": {
            "List_files_in_folder": [
              "Succeeded"
            ]
          },
          "metadata": {
            "operationMetadataId": "7dbae8ab-b69b-472e-93ca-5866ad58ca67"
          },
          "type": "Select",
          "inputs": {
            "from": "@outputs('List_files_in_folder')?['body/value']",
            "select": {
              "DisplayName": "@item()?['DisplayName']",
              "Path": "@item()?['Path']",
              "FileId": "@item()?['Id']"
            }
          }
        }
      }
    },
    "templateName": ""
  },
  "schemaVersion": "1.0.0.0"
}